ramses_sound,e4c0c552
assailant,ee0888a5
ciphers,6d012317
fates,b1698a42
gorilla,2e488485
guardians,af875fb7
hurter,e42db353
idol,f485e213
laps,a923fad3
plumpness,fe6ede28
ratings,6de9c3a5
recursed,a6cc22d4
reinforcer,75a707ea
snared,89b28ec
splashed,ddcbc2bb
straggler,e35bb14a
third,d9ac65f8
troff,c053b2ca
vine,9c458cf5
withered,2b1c6c7
str_ai,64b0a5ef
str_num,3a36166b
str_ability,81a32895
str_areas,80b8c18d
str_base,8d8f9222
str_beam,53106e7c
str_body,77268fe9
str_bone,77cbbb1b
str_bounced,263c10ef
str_camera,fd7c1054
str_cat,79d0b667
str_challenge,cc0f18cc
str_client,fdb628a4
str_collision,e6a3fdd7
str_commenter,6a57fbd1
str_console,5f982950
str_context,559a3756
str_control,1cdfa0f4
str_crest,300b5632
str_district,9b0b20f3
str_do,87c6d702
str_docked,15872fa7
str_element,61bcec7
str_firefly,aa2f1c54
str_front,a48df19e
str_fuse,64f2aa7a
str_hazard,be6a04c9
str_interact,fed9d833
str_landing,19b50ade
str_level,fee79dd1
str_light,8d53d8ef
str_lightning,c490d0cd
str_loop,be98b74b
str_marker,78f8828b
str_method,ffc8395e
str_music,414c0762
str_notice,8d6d1339
str_point,cf35e8e9
str_print,8882142e
str_purpose,be26784d
str_pusher,7fadc70c
str_quest,1493eda1
str_radio,a2a7678a
str_ravens,af782668
fortitude,47bba3bb
str_rest,d7141317
str_rich,217a1cbf
str_say,417ec882
str_sequence,1430507e
str_set,3c13e11b
str_syllable,cf6c6acd
str_symbol,2fe972c1
str_timeout,143df2c2
str_transition,7814e8cc
str_transport,7d3faaf0
str_triggers,5f69ad96
str_use,71dddffe
str_vector,4361a688
str_vending,6a2f816c
str_vine,4c616d31
str_visit,d016ff72
str_wearable,e7d196cc
str_weather,d8a51337
str_wisp,effd4dcc
a_str_ai,f09dee4f
a_str_airdrop,9419d2c4
a_str_cat,b907c047
a_str_confessor,90461c29
a_str_console,c7b41a30
a_str_crests,289ae31d
a_str_flags,7f5d5c6
a_str_fuses,8b8460d5
a_str_islands,9e84b959
a_str_lightning,45a970ad
a_str_line,296988d3
a_str_location,93173b64
a_str_locations,4af7b97
a_str_models,5824233
a_str_quests,d028d3a8
a_str_response,66700f08
a_str_visit,9fce6d52
a_str_weapon,3728fce1
a_str_wearable,fc2fd82c
a_str_zone,1486ce13
a_e_trig,a0cf8f2b
a_e_ammo,da5600e3
a_e_axis,166a783a
a_e_barrel,ff31c6f9
a_e_battery,54697048
a_e_cameras,295a1e1f
a_e_candy,307a62d0
a_e_clips,77f0f8f6
a_e_closest,564617aa
a_e_consoles,f2d794f3
a_e_displays,5d7a99d0
a_e_elements,fedda046
a_e_elevator,17b2dca3
a_e_fans,8a357b77
a_e_fossils,f4c7c18
a_e_gates,50e0150f
a_e_hatches,b9e116c5
a_e_islands,88f45a31
a_e_keepers,553a9d46
a_e_occupied,a8951c29
a_e_parasites,efcfca6d
a_e_passengers,7f207012
a_e_plant,6f80c1d8
a_e_power,2bbbcbec
a_e_pyramid,8ff7104f
a_e_reels,be748f8
a_e_spawner,71aee853
a_e_spikes,cd998d3c
a_e_switch,144a9df9
a_e_switches,ad39b789
a_e_touching,f667032
a_e_trap,ed98f9ec
a_e_traps,85129cef
a_s_activate,bbadd4a4
a_s_array,92c47b0e
a_s_arrivals,952f535d
a_s_batteries,66b0cbbe
a_s_beacons,79b6dcfe
a_s_buckets,5646068
a_s_circles,79d1dcf6
a_s_cocoons,ffcd34fb
a_s_cover,482d5204
a_s_crawlers,911ceae0
a_s_crystals,9d322e2e
a_s_destination,64103691
a_s_draft,52928b68
a_s_eggs,9c840b49
a_s_end,f7fded02
a_s_fences,659d66d1
a_s_fireplaces,2716c17
a_s_forward,b008ef9a
a_s_location,90f8d95e
a_s_locations,8ef573c1
a_s_moves,a21704fb
a_s_numbers,7bd91d87
a_s_part,f89319f8
a_s_parts,da104453
a_s_planters,fc72ce0a
a_s_radio,b8fe8638
a_s_recordings,e2dface3
a_s_reels,2de8cf5e
a_s_rewards,93571595
a_s_robots,7e421bd8
a_s_scene,5bcb8a4d
a_s_skull,3c3a1522
a_s_source,fda0d24
a_s_spawn,ad0ee644
a_s_spawns,44f2dff7
a_s_spore,c9234aca
a_s_spot,664f35bb
a_s_station,3ecdb245
a_s_stubs,d1d0d3e2
a_s_switches,9bafc533
a_s_traps,3a067a8d
a_s_tubes,bd5df270
a_s_weapons,3f44bbce
a_t_airlocks,3aa9d35a
a_t_beacons,22e3a725
a_t_blockers,9f26317f
a_t_characters,753f10ae
a_t_clue,4582f16d
a_t_console,67881099
a_t_cover,d5aeed2b
a_t_ends,e061e0f4
a_t_flinger,565a8d95
a_t_spore,40c45d15
a_t_traps,8fcfe322
a_mdl_banners,f8efe776
a_mdl_batteries,5a533244
a_mdl_bouquets,46f4840b
a_mdl_bricks,74772b0f
a_mdl_buttons,7953b28
a_mdl_cables,33accfa3
a_mdl_candles,453e8445
a_mdl_circles,3c32cd48
a_mdl_cocoons,1daee2f1
a_mdl_door,6a2c8ee9
a_mdl_doors,7be3ca60
a_mdl_fans,3ecc15f7
a_mdl_fossils,14733f98
a_mdl_levers,d730823e
a_mdl_parts,3bc473a5
a_mdl_pillars,61b0688
a_mdl_props,ff840495
a_mdl_readouts,dfda7cba
a_mdl_screen,d647fedd
a_mdl_trap,a22f946c
a_mdl_tubes,70172e4a
a_mdl_vines,978adea0
ready_to_spawn_mechz,b1a145c4
a_mdl_writing,61d84403
a_ai_spiders,388bdc38
a_ai_raz,89de5b91
a_ai_carriers,2513c269
a_ai_children,7f0cc3c7
a_ai_climbers,2d8e6fdb
a_ai_crawlers,aba3cf25
a_ai_keepers,2241a147
a_ai_kill,5e3331b2
a_ai_right,b982e5d0
a_ai_robot,9e31a3a2
a_ai_sentinel,8b442d22
a_ai_sentinels,1916d2ed
a_ai_slam,1317e1d1
a_ai_speakers,79cf4848
a_ai_turrets,9d979b27
cp_mi_sing_biodomes_patch,e82fdc69
n_raz,eee0e63b
n_actors,a1a1b35e
n_ally,a89679b6
n_brightness,70f85c31
n_casts,e516b508
n_character,765a3ab1
n_checks,c606eb7
n_connected,f862b7b1
n_crumb,b1cdbf1d
n_cumulative,29cc53bd
n_decision,94bcf41e
blackstation_accolades,23567e72
n_difference,9a5eed4d
n_direction,41ef115f
n_district,d80a2da2
n_drain,4ed57dca
n_exclude,b1f69aca
n_expected,91f98264
n_exposures,7156fcfa
n_fill,fa77a9e7
n_flare,9949c988
n_front,256a0099
n_grenades,72875649
n_hours,8deda1b1
n_increments,c1c93aba
n_light,46ab6018
n_lines,4c5a66ad
n_location,e7f2a029
n_painting,62f94d00
n_passenger,2102f1cc
n_penalty,40e67963
n_pole,6fbeca4a
n_probability,db6be061
n_radio,f1b4932d
n_ratio,fc3596dd
n_reason,2de327e8
n_reel,f5e9fb6c
n_remainder,a476b929
n_render,78f89ecc
n_repetitions,60000174
n_retreated,c873bdb2
n_rings,39fccb95
n_ritual,f2e38849
n_room,51bf1eed
n_rumble,887c2fcb
n_scenario,f4570d42
n_sentinels,eb1ae81f
n_shader,79974a0f
n_sin,615956ca
n_skull,84c62227
n_test,f9e79b00
n_upgraded,26ba0d4c
n_used,9469fd43
n_vine,3a0318fc
n_wasps,bd061860
n_water,1153caa9
n_weather,1cf7e9e8
n_wound,2c17cb9d
ai_spider,c79d3f71
ai_raz,1c963231
ai_bartender,e8942d17
ai_cargo,a09d9abe
ai_crawler,f273b80a
ai_help,5d7f4f0f
ai_jumper,b5dd40c7
ai_keeper,747532f4
ai_limit,6ec47843
ai_parent,4e5c415e
ai_pusher,b429251f
ai_riders,ae407c5
ai_sentinel,663b2442
ai_shield,3f7c5c5d
ai_speaker,58c5eb41
ai_thrasher,e3372b59
ai_turret,c316ad54
ai_whelp,42c06d64
ai_wolf,3a9e6062
island_name,a3d40b8
island_shield,b2c57c5e
nikolai_jump,3c68f919
nikolai_state,4ee9a8c8
nikolai_walk,39d2d4b6
takeo_sway,75174ee
mdl_ent,6cae1ad0
mdl_align,197f1988
mdl_animated,b1c02d8a
mdl_animating,b12a7acb
mdl_antenna,5503da8a
mdl_arm,26dbb029
mdl_arrow,f3636838
mdl_asteroid,11f2bc16
mdl_attach,86045b9a
mdl_attractor,1e43571f
mdl_bait,ccefca71
mdl_ballerina,ac086ffb
mdl_banner,f558224f
mdl_battery,8d2dd868
mdl_bell,37c17be6
mdl_blade,7e5afbd
mdl_board,df95c68b
mdl_bone,c5653cf3
mdl_bones,f7d860a2
mdl_bouquet,32f0d800
mdl_bow,d4a62e6b
mdl_brick,3d01fc2c
mdl_cable,37176f28
mdl_cage,bf681731
mdl_candle,79f3942a
mdl_cart,5b58316f
mdl_chalk,5dfe3e
mdl_circle,fb62adc1
mdl_clone,629f4b8
mdl_code,4bff825e
mdl_columns,6bf7783a
mdl_connector,bb46ee5a
mdl_console,cc373138
mdl_control,ce83537c
mdl_cover,4b1dfeae
mdl_curtains,5be55f14
mdl_dark,4100f709
mdl_debris,4a6273cc
mdl_delivery,b71f6be1
mdl_disc,4316fdf6
mdl_dock,e882d83c
mdl_dragon,2fcea154
mdl_egg,62ceb838
mdl_exploder,73c84646
mdl_extractor,db6efb17
mdl_fan,76185ee4
mdl_fence,21d644c
mdl_final,ee91d5b
mdl_flame,c2a0c80a
mdl_flare,b6f3d7c3
mdl_floor,5e72b36d
mdl_fossil,8ab1dc51
mdl_funnel,218752f9
mdl_fuse,f2ae2c72
mdl_gears,66bf6df
mdl_glass,eb043fdb
mdl_glow,4a9aea8a
mdl_grenade,412615f9
mdl_gun,8cad0c4d
mdl_hand,3609adde
mdl_heart,779fea3
mdl_hope,8ccfc8c3
mdl_incubator,734c1c5a
mdl_item,49d8189c
mdl_junction,dbb35f4d
mdl_keeper,da3dbbdf
mdl_lava,8f719caf
mdl_lever,367b15e7
mdl_lid,79488a88
mdl_light,b079127
mdl_link,c4ed51d5
mdl_log,561743c9
mdl_map,cf5f1519
mdl_monster,53564731
mdl_mover,61ba68c8
mdl_ovary,3e51eb2c
mdl_painting,b5b31795
mdl_picture,c671e1b1
mdl_plane,aab7a6d1
mdl_pod,165d49f6
mdl_pods,63c365e9
mdl_pointer,abee83e8
mdl_portal,836f2873
mdl_prize,6e1b8eeb
mdl_prop,fba08aba
mdl_propeller,efa7240e
mdl_pyramid,27fd0c6f
mdl_reel,d955a5b1
mdl_reveal,8cf34592
mdl_reward,30ff0d6c
mdl_rings,6306226
mdl_rock,b44af04e
mdl_rocket,3e414a21
mdl_rotate,4811f4e0
mdl_script,568ffe7c
mdl_shelf,66919a0f
mdl_shield,cbddabee
mdl_shiny,1205599e
mdl_skull,affd5bec
mdl_source,e43465f2
mdl_spawned,244bacb5
mdl_spore,f58ff028
mdl_staff,acc90d1d
mdl_station,85b2b1ab
mdl_stone,f12ee4c0
mdl_symbol,93e50579
mdl_terminal,beb54dbd
mdl_ticket,43af12b1
mdl_tornado,f3364be4
mdl_transformer,677edb82
mdl_twinkle,bfa03783
mdl_urn,e1f8771e
mdl_vine,4165e349
mdl_wave,2e7c1306
mdl_wings,cb03b137
mdl_writing,3cbdaba3
m_chunk,c790d258
m_crystal,a0a565ad
m_dragon,e88629ec
m_ring,eb1b4657
spider_count,75f2c952
spider_damage,747a2fea
spider_death,7609fd9
spider_die,e48828c5
spider_landed,a81735f9
spider_minions,afdb45da
spider_think,a3f4adb
spiders_enabled,173ca157
mechz_corpse,b2a1b297
mechz_freeze,1faf1646
mechz_setup,3d5df242
raz_death,f8080b7
a_accolades,ebb087c2
a_blink,45676b91
a_crowds,707bc057
a_districts,37e8a32e
a_gongs,81c48749
a_group,db932442
a_hearts,e0133c46
a_index,b9b72b4f
a_kill,e8c3642d
a_lanterns,e531bd52
a_length,932b706d
a_level,3c1def9d
a_model,48d31804
a_order,6932cc13
a_pads,e6706bab
a_pattern,6140b6dd
a_pictures,2ede2754
a_plants,b47da5df
a_possible,f48f47cc
a_primaries,d82ff565
a_radio,e3c08ace
a_radios,903fae71
a_rewards,b0612bf3
a_rituals,18ffa2b3
a_rounds,f8cc3a0e
a_sizes,d8c501d
a_spore,dc604ef4
a_start,5e8fec3f
a_symbols,a6116854
a_terminals,18b93ed0
a_train,7af45315
a_water,75bf845a
f_degrees,59fb42bf
f_interfacer,382bb75
f_wait,25322547
e_ammo,4abed703
e_arrow,3fee16b8
e_ball,46352a82
e_book,501cba6a
e_boss,33504256
e_chest,c3763c58
e_clock,687cab15
e_cocoon,cbe49ee
e_control,a78de5fc
e_corpses,ec39b8a8
e_courtyard,52df56de
e_crystal,618c7145
e_curtain,115bc805
e_cushion,6f51be76
e_decoy,40ff3b03
e_dials,969af1da
e_dragon,2e1f54d4
e_driver,73a38d53
e_element,1c7231df
e_ender,5d64a595
e_engine,5ae02fb7
e_flinger,ebbae7d4
e_floater,d99e0864
e_fossil,89028fd1
e_from,cef3781d
e_fury,ecb2c615
e_gears,52f6a55f
e_generator,5c2b0988
e_gong,3e9e1b32
e_grappler,683c052c
e_gun,6c9b76cd
e_hole,d72f41af
e_instigator,62bc230d
e_keeper,d88e6f5f
e_links,100583a4
e_loner,2bb7b39d
e_loudspeaker,ea519684
e_machine,22082ed0
e_map,af4d7f99
e_menu,322cc58c
e_meteor,3dd66385
e_minister,94848710
e_mirror,29613ea0
e_mural,d9516038
e_occupier,b1c2844f
e_pa,49b32118
e_pad,f5f4e9cc
e_parasite,acaa35c2
e_particle,160abeb7
e_passenger,813273c3
e_pendulum,4b6ad173
e_pivot,a175a10b
e_plant,31678178
e_point,b30aea81
e_power,a816c58c
e_ramp,2d4309d9
e_raven,9be38c79
e_reel,dda74d31
e_responder,ceb8ae25
e_retreat,9b15e92e
e_rumble,7cbc8176
e_scene,4d881e03
e_shutter,bf34b7c4
e_skull,fc880a6c
e_tentacle,eadb7e53
e_terrain,bf3222f4
e_thrasher,f363f596
e_to,a9fb66fa
e_track,7d2a21b6
e_waiter,ecc203c7
e_watch,e04844d6
e_watched,34c9bd99
e_what,58aaa67b
t_accolade,4fa896d4
t_airlock,1cec30db
t_animate,bd13c94b
t_area,421ccb2d
t_bell,47017e15
t_belly,46927a7e
t_bottom,18f37a5b
t_cage,9fce15de
t_capture,f80d6608
t_character,7387f97
t_crumb,b1fe230f
t_death,d93f9cb8
t_debris,81072907
t_end,e5a4a905
t_entrance,ede59fe8
t_gas,af8f5b69
t_grenade,32400ae0
t_hatch,af81398
t_hazard,84d67e66
t_heart,8fb0849a
t_hint,b1e70b95
t_keepers,eb09d2ff
t_outer,e9dd177b
t_pod,6848ea7f
t_regroup,dee3d10a
t_repair,f022cb65
t_resurrect,e6e52f57
t_seal,a3bb3065
t_sewer,a9352214
t_shrine,f7019ef
t_side,b354bc3b
t_spore,6d602035
t_streamer,34ef544f
t_trap,60532813
t_vortex,50f524fe
t_well,16a4e32
t_web,e08b3d94
s_activate,c4f1ee44
s_arrow,a462d6ee
s_attackable,b454101b
s_attractor,94495615
s_ballerina,6d450235
s_battery,d186cfae
s_bow,285c992d
s_bucket,991ffe1
s_circle,87367d4f
s_coffin,3f709380
s_collectible,76099c5f
s_connect,116e109f
s_connector,47bafa4c
s_console,d3486562
s_control,f78dfee
s_cover,19966f24
s_crumb,f6e695c0
s_decoy,9d1acd49
s_draft,7f2e4e88
s_egg,21e43ff6
s_engine,37048efd
s_exploder,cbf27250
s_fence,44622ece
s_flinger,a3ed6ea
s_floor,377bdd93
s_focus,c929283d
s_front,6a5caae4
s_incubator,e870a8ec
s_item,2e8087fe
s_keeper,4fafa709
s_link,a6052bbf
s_mouth,df70f8d0
s_newspaper,21231084
s_phone,9d999891
s_physics,7d044b82
s_pipes,d26305ae
s_planter,8c46024b
s_powered,3b5635b9
s_prize,3c100ea1
s_projector,78113405
s_pyramid,845cd5d1
s_recording,2f236ce8
s_ritual,4126c532
s_robot,f13cf991
s_rod,1f1c6e96
s_score,bc6c413b
s_sequence,e046f594
s_speaker,337b3942
s_spore,9d06d0ea
s_storm,76968f56
s_terminal,4ae0fc9f
s_toy,f03dd5b1
s_train,934a157
s_underground,2c2cf2e6
s_wearable,bc5f242a
s_web,48b5604f
ability_type,c5f458e4
v_best,9199584e
v_bolt,21c86fc5
v_cocoon,e610614b
v_displacement,44f2aa45
v_eyes,150aaea
v_face,19ccee47
v_goto,69a783ad
v_hazard,b14e6934
v_land,89ea469b
v_mouth,201fdf35
v_muzzle,f8e04bb3
v_offsets,8d661004
v_pa,ba8b2edd
v_portal,6d359b2e
v_radius,9eb6cf96
v_result,64c3f8ef
v_shrine,9fc43621
v_spine,8d0b58f1
v_trigger,14123bd0
v_whirlwind,bf0620ca
num_accolades,c74eaab3
num_charges,cc06a93d
num_index,7ca2c2ae
num_mines,55361ee6
num_rotations,3112d2e7
